<?xml version="1.0"?>
<!--<!DOCTYPE metadata SYSTEM "http://www.esri.com/metadata/esriprof80.dtd">-->
<metadata xml:lang="en"><Esri><CreaDate>20100921</CreaDate><CreaTime>16253400</CreaTime><SyncOnce>TRUE</SyncOnce><MetaID>{CEBC8A62-1D53-4D26-A10E-A88847D63EAC}</MetaID><DataProperties><lineage><Process Name="Project" ToolSource="C:\Program Files\ArcGIS\ArcToolbox\Toolboxes\Data Management Tools.tbx\Project" Date="20100921" Time="162534">Project C:\Nepal_GIS_DATA\npl_hltfac_DoH_WHO.shp C:\Nepal_GIS_Data_WGS\npl_hltfac_DoH_WHO_wgs84.shp GEOGCS['GCS_WGS_1984',DATUM['D_WGS_1984',SPHEROID['WGS_1984',6378137.0,298.257223563]],PRIMEM['Greenwich',0.0],UNIT['Degree',0.0174532925199433]] 'Everest1830  to GCS_WGS84' PROJCS['NEPAL_MODIFIED_UTM_MIDDLE',GEOGCS['GCS_Everest_1830',DATUM['D_Everest_1830',SPHEROID['Everest_1830',6377276.345,300.8017]],PRIMEM['Greenwich',0.0],UNIT['Degree',0.0174532925199433]],PROJECTION['Transverse_Mercator'],PARAMETER['False_Easting',500000.0],PARAMETER['False_Northing',0.0],PARAMETER['Central_Meridian',84.0],PARAMETER['Scale_Factor',0.9999],PARAMETER['Latitude_Of_Origin',0.0],UNIT['Meter',1.0]]</Process><Process Name="Model_7" ToolSource="C:\Documents and Settings\Narayan\Application Data\ESRI\ArcToolbox\My Toolboxes\aaa_mytools.tbx\Model" Date="20100921" Time="162534">Model C:\Nepal_GIS_DATA\npl_hltfac_DoH_WHO.shp C:\Nepal_GIS_Data_WGS\npl_hltfac_DoH_WHO_wgs84.shp</Process></lineage></DataProperties></Esri><distInfo><distributor><distorTran><onLineSrc><linkage Sync="TRUE">file://</linkage><protocol Sync="TRUE">Local Area Network</protocol></onLineSrc></distorTran></distributor></distInfo><dataqual><lineage><procstep><procdesc Sync="TRUE">Dataset copied.</procdesc><srcused Sync="TRUE">C:\Spatial\vector\Thematic\npl_health_facilities_DoH_WHO_mutm_84</srcused><date Sync="TRUE">20100919</date><time Sync="TRUE">13321800</time></procstep><procstep><procdesc Sync="TRUE">Dataset copied.</procdesc><srcused Sync="TRUE">G:\NPL_NEPAL\03_Thematic\07_Health\npl_hltfac_DoH_WHO_mutm_84</srcused><date Sync="TRUE">20100921</date><time Sync="TRUE">15023000</time></procstep><procstep><procdesc Sync="TRUE">Dataset copied.</procdesc><srcused Sync="TRUE"></srcused><date Sync="TRUE">20100921</date><time Sync="TRUE">16253400</time></procstep></lineage></dataqual><idinfo><citation><citeinfo><onlink Sync="TRUE"></onlink></citeinfo></citation></idinfo></metadata>
